,Flat_win_runners,Flat_wins,Flat_runs,Flat_earnings,Turf_win_runners,Turf_wins,Turf_runs,Turf_earnings,All-weather_win_runners,All-weather_wins,All-weather_runs,All-weather_earnings,Jumps_win_runners,Jumps_wins,Jumps_runs,Jumps_earnings,Chase_win_runners,Chase_wins,Chase_runs,Chase_earnings,Hurdles_win_runners,Hurdles_wins,Hurdles_runs,Hurdles_earnings,NHF_win_runners,NHF_wins,NHF_runs,NHF_earnings,Broodmare sires_win_runners,Broodmare sires_wins,Broodmare sires_runs,Broodmare sires_earnings,2yo_win_runners,2yo_wins,2yo_runs,2yo_earnings,First Crop_win_runners,First Crop_wins,First Crop_runs,First Crop_earnings,5-6f_win_runners,5-6f_wins,5-6f_runs,5-6f_earnings,7-9f_win_runners,7-9f_wins,7-9f_runs,7-9f_earnings,10-11f_win_runners,10-11f_wins,10-11f_runs,10-11f_earnings,12-13f_win_runners,12-13f_wins,12-13f_runs,12-13f_earnings,14f+_win_runners,14f+_wins,14f+_runs,14f+_earnings,Heavy_win_runners,Heavy_wins,Heavy_runs,Heavy_earnings,Soft_win_runners,Soft_wins,Soft_runs,Soft_earnings,Gd-sft_win_runners,Gd-sft_wins,Gd-sft_runs,Gd-sft_earnings,Good_win_runners,Good_wins,Good_runs,Good_earnings,Gd-fm_win_runners,Gd-fm_wins,Gd-fm_runs,Gd-fm_earnings,Firm_win_runners,Firm_wins,Firm_runs,Firm_earnings,age,sire,dam,dam_sire,stud_fee,total_starts,total_earnings,top_rpr,sire_comments
Acclamation,572/995,1501,14589,"£19,719,948",460/954,1014,9769,"£16,313,951",263/752,487,4820,"£3,405,997",13/71,38,494,"£376,847",3/7,8,62,"£74,199",13/68,29,423,"£297,176",1/7,1,9,"£5,471",181/383,424,3927,"£6,077,822",308/800,408,3251,"£6,311,008",,,,,388/834,875,7862,"£12,184,575",248/755,559,5900,"£6,680,205",26/173,40,543,"£607,237",13/70,17,190,"£172,058",17/28,10,94,"£75,873",26/173,29,321,"£391,353",98/519,123,1214,"£1,513,813",106/507,142,1297,"£1,905,444",215/814,305,3290,"£6,286,052",262/773,396,3383,"£6,167,445",16/102,20,150,"£166,278",Sire:,Royal Applause right,Princess Athena right,Ahonoora right,"€27,500",16,"£361,753",118,"high-class multiple winning sprinter as 2-4yo, excellent source of precocious and speedy 2yos"
Aclaim,20/52,21,215,"£246,922",11/48,12,162,"£181,047",9/33,9,53,"£65,875",,,,,,,,,,,,,,,,,,,,,20/52,21,215,"£246,922",20/52,21,215,"£246,922",14/44,15,150,"£122,826",6/31,6,65,"£124,097",,,,,,,,,,,,,0/4,0,4,"£2,085",2/16,2,21,"£18,104",0/19,0,22,"£60,899",3/30,4,46,"£31,074",6/33,6,61,"£68,901",,,,,8yo:,Acclamation,Aris,Danroad,"£6,000",14,"£438,081",118,"progressive miler; won Prix de la Foret at 4; closely related to Irish 1,000 Guineas winner Again"
Adaay,34/101,53,688,"£655,953",27/92,36,443,"£505,527",14/85,17,245,"£150,425",0/1,0,2,"£2,418",,,,,0/1,0,2,"£2,418",,,,,,,,,21/89,28,378,"£388,951",14/51,18,217,"£266,358",24/85,34,387,"£441,606",11/67,13,264,"£161,479",3/12,3,26,"£21,837",1/3,1,4,"£4,891",1/2,2,7,"£26,140",2/18,3,21,"£27,715",8/42,8,70,"£56,382",6/44,6,70,"£68,516",10/65,13,137,"£276,112",5/70,5,133,"£100,292",1/5,1,6,"£5,425",9yo:,Kodiac,Lady Lucia,Royal Applause,"£5,000",17,"£236,934",116,"240,000gns 2yo; 6f winner at 2, dual 6-7f Group 2 winner at 3; half-brother to Mullionmileanhour"
Al Kazeem,18/47,38,373,"£479,684",15/44,32,236,"£422,874",4/35,6,137,"£56,810",2/7,3,45,"£22,947",0/1,0,3,£357,2/6,3,38,"£21,303",0/2,0,4,"£1,286",,,,,5/28,7,80,"£111,513",2/7,3,19,"£49,691",4/20,11,80,"£164,823",8/40,14,167,"£140,027",7/24,11,86,"£139,035",2/16,2,37,"£35,099",0/3,0,3,£700,0/10,0,11,"£9,420",2/28,2,38,"£43,718",5/21,5,31,"£84,205",11/34,15,97,"£155,861",7/30,10,77,"£125,564",2/6,2,9,"£9,634",13yo:,Dubawi,Kazeem,Darshaan,Private,23,"£1,573,596",126,"1m winner at 2; four time Group 1 winner, inc two Tattersalls Gold Cups; from high-class family"
Ardad,19/54,28,210,"£480,848",19/50,27,173,"£436,957",1/26,1,37,"£43,891",,,,,,,,,,,,,,,,,,,,,19/54,28,209,"£478,734",19/54,28,210,"£480,848",19/50,27,179,"£449,583",1/15,1,30,"£31,265",0/1,0,1,—,,,,,,,,,1/2,1,2,"£3,726",7/28,8,34,"£73,499",2/19,2,26,"£27,102",3/26,3,40,"£25,698",8/37,11,61,"£280,745",0/4,0,5,"£1,809",7yo:,Kodiac,Good Clodora,Red Clubs,"£12,500",9,"£93,398",107,"£170,000 2yo; high-class juvenile sprinter, inc Group 2 Flying Childers Stakes"
Australia,112/230,233,1578,"£4,951,260",85/214,162,1114,"£4,299,482",46/148,71,464,"£651,779",5/29,6,127,"£82,785",0/2,0,4,£446,5/28,6,117,"£80,913",0/4,0,6,"£1,426",,,,,40/161,49,397,"£941,651",15/56,15,144,"£247,873",4/23,4,47,"£80,941",64/198,88,654,"£1,572,168",35/155,65,446,"£1,607,301",32/115,43,263,"£774,080",18/56,33,168,"£916,770",6/43,6,55,"£85,663",25/116,30,197,"£718,332",12/74,14,113,"£269,856",44/158,51,421,"£1,669,863",32/131,43,294,"£1,313,006",1/4,1,5,"£5,564",10yo:,Galileo,Ouija Board,Cape Cross,"€35,000",8,"£2,090,503",129,"Won Group 3 at 2; outstanding 3yo, inc Derby & Irish Derby; impeccably bred son of Ouija Board"
Awtaad,33/78,58,466,"£715,941",22/68,41,313,"£604,184",14/56,17,153,"£111,756",1/5,1,11,"£8,984",,,,,0/4,0,9,"£6,639",1/1,1,2,"£2,345",,,,,16/67,17,178,"£198,867",13/52,13,129,"£131,308",8/28,10,118,"£96,603",24/71,39,284,"£493,028",3/17,6,40,"£91,386",1/11,1,17,"£15,645",2/3,2,7,"£19,278",1/11,1,11,"£44,175",4/31,5,39,"£60,566",3/14,4,25,"£56,157",14/57,15,124,"£219,990",12/50,14,94,"£161,782",1/2,1,2,"£10,717",8yo:,Cape Cross,Asheerah,Shamardal,"€5,000",9,"£365,770",122,"7f maiden winner as 2yo; top-class miler at 3, inc Irish 2,000 Guineas, family of Seattle Dancer"
Axxos,,,,,,,,,,,,,3/5,15,79,"£204,685",3/3,4,27,"£98,557",3/5,9,46,"£99,190",1/2,2,6,"£6,938",,,,,,,,,,,,,,,,,,,,,,,,,,,,,,,,,2/3,2,5,"£12,832",3/5,6,29,"£81,089",1/5,1,17,"£24,726",3/5,5,27,"£82,789",,,,,,,,,17yo:,Monsun,Acerbis,Rainbow Quest,"£1,500",10,"£178,993",110,"1m3f Goup 2 winner at 3 in Germany, also runner-up in the Grand Prix de Paris at 3; NH sire"
Bated Breath,178/349,403,3455,"£5,229,373",126/320,252,2134,"£4,061,146",91/265,151,1321,"£1,168,227",2/19,2,58,"£21,382",,,,,1/17,1,51,"£14,123",1/2,1,7,"£7,259",1/5,3,23,"£30,743",78/239,105,808,"£1,522,763",14/44,18,166,"£195,192",102/250,195,1484,"£2,552,502",99/279,180,1626,"£2,394,299",13/86,18,247,"£193,254",5/32,10,84,"£81,276",0/9,0,14,"£8,042",6/61,6,76,"£105,558",25/155,30,310,"£467,767",29/149,32,272,"£474,643",68/239,98,694,"£1,905,788",54/233,80,681,"£1,104,252",3/17,3,22,"£22,694",14yo:,Dansili,Tantina,Distant View,"£15,000",18,"£419,945",122,"High-class sprinter; four time Group 1 runner-up, won Temple Stakes; half-brother to Cityscape"
Belardo,28/65,54,421,"£656,600",23/60,42,296,"£553,221",9/41,12,125,"£103,378",0/1,0,2,"£2,500",,,,,0/1,0,2,"£2,500",,,,,,,,,15/56,23,185,"£336,776",10/36,16,120,"£269,678",11/36,14,118,"£168,859",19/56,30,239,"£393,542",5/16,9,51,"£77,241",1/7,1,12,"£15,938",0/1,0,1,"£1,021",1/13,1,17,"£11,901",4/30,4,53,"£120,916",5/22,6,37,"£68,403",12/40,18,89,"£211,509",6/33,9,66,"£70,532",0/1,0,2,£634,9yo:,Lope De Vega,Danaskaya,Danehill,"€9,000",16,"£901,642",122,"top-class 2yo, inc Dewhurst; won Lockinge at 4; family of Abbaye winner Kistena"
Blue Bresil,0/1,0,1,£400,,,,,0/1,0,1,£400,27/61,60,435,"£990,305",11/17,27,120,"£455,267",18/39,26,231,"£481,405",7/43,7,84,"£53,633",,,,,,,,,,,,,,,,,,,,,,,,,0/1,0,1,£400,,,,,8/33,10,66,"£193,635",15/45,23,145,"£415,509",6/30,8,79,"£134,174",11/39,15,115,"£213,789",3/9,3,9,"£18,578",,,,,16yo:,Smadoun,Miss Recif,Exit To Nowhere,Private,5,"£106,020",130,1m1½f winner at 2; twice Group 2 placed over 1m3f at 3; later 2m3½f Grade 2 runner-up over hurdles
Bobby's Kitten,22/60,36,396,"£508,234",13/53,22,234,"£392,221",11/48,14,162,"£116,014",0/2,0,5,"£1,291",,,,,0/2,0,5,"£1,291",,,,,,,,,15/52,22,196,"£369,867",8/29,13,123,"£157,700",8/31,13,132,"£297,733",12/50,20,216,"£178,966",2/16,3,35,"£24,419",0/5,0,8,"£4,576",0/2,0,5,"£2,540",1/4,1,5,"£40,350",1/18,1,29,"£76,988",4/21,4,31,"£24,091",5/40,6,90,"£93,365",5/32,6,67,"£122,225",0/1,0,1,—,10yo:,Kitten's Joy,Celestial Woods,Forestry,"£7,000",14,"£845,968",118,"High-class 2yo, inc Grade 3; won Breeders' Cup Turf Sprint at 3; from high-class US family"
Bungle Inthejungle,50/122,102,1276,"£1,469,332",41/117,74,856,"£1,231,296",18/89,28,420,"£238,036",0/7,0,23,£734,,,,,0/6,0,22,£734,0/1,0,1,—,,,,,34/103,48,482,"£730,684",16/42,20,197,"£236,473",35/113,74,808,"£1,250,400",19/73,27,415,"£200,967",0/15,0,43,"£10,965",1/1,1,9,"£7,000",2/1,0,1,—,0/16,0,23,"£11,311",9/55,9,97,"£102,601",6/51,9,90,"£105,083",21/97,26,288,"£468,235",21/88,25,265,"£488,256",2/16,2,27,"£16,439",11yo:,Exceed And Excel,Licence To Thrill,Wolfhound,"€8,000",17,"£90,639",108,precocious and high-class dual 5f Group 3 winner at 2; from good speedy family
Buratino,12/47,19,329,"£285,692",9/45,13,236,"£244,316",4/35,6,93,"£41,376",2/4,2,11,"£16,123",,,,,2/4,2,11,"£16,123",,,,,,,,,9/42,11,202,"£182,178",5/25,7,114,"£126,937",7/33,8,127,"£92,383",5/40,11,186,"£186,584",0/7,0,12,"£6,425",0/2,0,3,£300,0/1,0,1,—,0/8,0,8,"£1,478",3/17,4,33,"£100,019",3/10,3,16,"£20,073",3/38,3,99,"£78,390",0/24,0,44,"£18,939",0/2,0,2,£300,8yo:,Exceed And Excel,Bergamask,Kingmambo,"€5,000",11,"£163,772",117,"tough and classy 2yo, inc Coventry Stakes; unplaced at 3; related to Danehill Dancer"
Cable Bay,58/131,119,1174,"£2,108,469",45/120,76,709,"£1,769,165",28/107,43,465,"£339,304",2/5,4,16,"£20,836",,,,,2/5,3,14,"£17,568",1/1,1,2,"£3,268",,,,,30/107,42,420,"£739,671",20/55,30,231,"£599,909",38/100,69,586,"£1,425,633",27/98,47,537,"£632,784",1/22,1,41,"£37,409",2/6,2,9,"£12,343",2/1,0,1,£300,2/24,3,34,"£196,745",12/60,14,110,"£251,647",8/60,8,95,"£266,585",19/87,22,241,"£418,704",23/89,28,207,"£600,498",0/6,0,6,"£1,866",10yo:,Invincible Spirit,Rose De France,Diktat,"£8,000",20,"£325,037",117,"high-class over 6-7f at 2, inc Dewhurst runner-up; dual 7f Group winner at 4, family of Mukhadram"
Camacho,192/438,491,5860,"£4,897,856",140/420,319,3810,"£3,680,559",91/337,172,2050,"£1,217,297",9/43,25,259,"£327,030",1/6,1,16,"£10,041",9/40,23,225,"£311,174",1/8,1,18,"£5,815",23/52,58,557,"£658,284",104/364,143,1738,"£1,614,331",,,,,124/366,306,3359,"£3,026,955",83/314,157,2065,"£1,561,211",16/86,22,305,"£175,883",4/37,5,98,"£114,655",6/13,1,33,"£19,152",13/86,16,162,"£192,870",36/225,52,515,"£586,286",26/206,33,498,"£369,683",73/339,111,1295,"£1,461,243",71/320,112,1233,"£1,219,097",2/29,2,41,"£23,441",19yo:,Danehill,Arabesque,Zafonic,"€5,000",6,"£36,617",115,"useful 3yo sprinter, from good family; good source of 2yo winners, sire of Pouliches wnr Teppal"
Camelot,162/292,287,2349,"£6,284,822",130/276,223,1771,"£5,752,857",52/187,64,578,"£531,965",26/68,45,379,"£567,586",0/3,0,5,"£1,098",24/63,42,348,"£538,357",2/11,3,26,"£28,131",1/4,1,10,"£8,667",42/190,47,438,"£756,280",9/51,10,119,"£115,461",3/34,4,93,"£58,949",72/247,100,870,"£1,806,072",66/211,88,692,"£1,780,872",51/163,61,447,"£1,927,358",20/87,34,247,"£711,570",18/95,19,137,"£292,484",39/159,44,334,"£931,627",24/117,31,222,"£553,035",63/231,76,696,"£1,975,766",38/178,52,434,"£2,129,908",2/11,2,12,"£11,572",12yo:,Montjeu,Tarfah,Kingmambo,"€75,000",10,"£1,926,569",126,"Won Racing Post Trophy at two; champion 3yo, inc Guineas, Derby & Irish Derby"
Cappella Sansevero,8/31,12,228,"£164,127",6/29,9,164,"£136,376",3/18,3,64,"£27,752",0/1,0,3,£214,,,,,0/1,0,3,£214,,,,,,,,,5/21,7,68,"£100,892",5/19,7,63,"£96,656",4/19,7,89,"£108,721",4/27,5,118,"£49,933",0/6,0,12,£858,0/4,0,8,"£4,616",0/1,0,1,—,0/9,0,12,"£2,765",2/15,3,24,"£27,371",0/6,0,7,"£2,427",1/19,1,59,"£37,401",2/13,4,28,"£67,570",0/1,0,1,£634,9yo:,Showcasing,Madam President,Royal Applause,"€4,000",10,"£123,687",112,"Group class sprint 2yo, won Round Tower Stakes & Coventry Stakes 2nd, from fine family"
Charm Spirit,70/124,152,1231,"£1,489,485",46/113,84,745,"£1,007,339",39/105,68,486,"£482,145",0/6,0,14,"£2,221",,,,,0/5,0,12,"£2,221",0/1,0,2,—,,,,,35/101,52,387,"£582,603",19/53,27,199,"£306,212",36/91,66,506,"£661,039",37/93,73,617,"£730,090",8/31,11,82,"£82,769",1/12,1,16,"£8,193",2/4,1,10,"£7,393",1/24,1,26,"£15,430",4/52,5,89,"£80,272",6/54,7,92,"£112,397",22/90,28,251,"£328,784",25/84,38,251,"£409,607",1/9,1,10,"£10,332",10yo:,Invincible Spirit,L'Enjoleuse,Montjeu,"€7,000",9,"£1,166,106",124,"high-class 7f at 2, triple Group 1 winning miler at 3, inc Queen Elizabeth II Stakes; good family"
Charming Thought,14/36,25,251,"£250,857",12/30,15,148,"£184,261",5/30,10,103,"£66,596",0/2,0,2,£890,,,,,0/2,0,2,£890,,,,,,,,,8/28,10,111,"£164,340",5/18,5,66,"£43,975",9/23,14,132,"£165,562",4/25,8,93,"£69,923",2/8,3,25,"£15,372",0/1,0,1,—,,,,,1/3,1,4,"£4,665",3/15,3,20,"£14,249",0/10,0,14,"£3,800",5/23,5,63,"£132,605",3/25,4,45,"£24,505",1/1,1,2,"£2,702",9yo:,Oasis Dream,Annabelle's Charm,Indian Ridge,"£4,000",7,"£137,072",117,"625,000gns yearling; high-class juvenile, inc Middle Park Stakes; family of Aristotle & Ballingarry"
Churchill,17/55,21,176,"£314,136",17/53,20,157,"£274,947",1/16,1,19,"£39,190",,,,,,,,,,,,,,,,,,,,,17/55,21,176,"£314,136",17/55,21,176,"£314,136",4/21,5,51,"£77,374",14/49,16,123,"£223,562",0/2,0,2,"£13,200",,,,,,,,,0/2,0,2,"£1,749",1/22,1,27,"£33,838",2/10,2,12,"£13,843",12/41,13,70,"£165,815",2/19,2,29,"£51,562",0/2,0,2,"£1,821",7yo:,Galileo,Meow,Storm Cat,"€25,000",12,"£1,343,698",125,Champion 2yo colt in Europe and dual Guineas winner at 3; from speedy family
Cityscape,40/97,99,1002,"£1,096,658",31/88,59,640,"£819,059",21/75,40,362,"£277,599",4/30,6,119,"£51,500",0/1,0,2,—,3/23,3,89,"£28,765",2/12,3,28,"£22,735",1/1,1,5,"£23,746",12/65,13,206,"£141,430",7/20,7,73,"£81,664",7/37,11,119,"£146,754",27/88,45,499,"£501,203",13/54,23,248,"£245,853",11/34,15,95,"£139,823",2/16,5,41,"£63,026",5/25,5,40,"£63,147",7/64,8,135,"£131,019",10/55,11,119,"£135,344",15/74,20,233,"£187,346",14/70,16,190,"£254,625",1/6,1,6,"£3,482",15yo:,Selkirk,Tantina,Distant View,"£4,000",23,"£2,992,356",126,"1m winner at 2, inc Group 1 2nd; high-class from 3-7, inc Dubai Duty Free; Bated Breath half-brother"
Clodovil,213/365,538,5369,"£6,713,840",161/352,354,3554,"£5,371,755",93/270,184,1815,"£1,342,085",9/46,33,341,"£301,992",2/5,5,36,"£48,764",9/43,26,293,"£246,470",2/7,2,12,"£6,757",43/125,97,990,"£1,192,103",111/288,153,1279,"£1,850,056",,,,,117/284,239,2314,"£2,729,237",122/310,251,2480,"£3,509,918",20/109,27,348,"£327,598",8/54,12,158,"£96,634",9/23,9,69,"£50,454",15/106,18,167,"£207,813",46/225,56,552,"£851,744",45/176,57,511,"£891,606",78/292,129,1272,"£1,997,164",68/270,98,1067,"£1,590,645",8/39,8,53,"£45,175",Sire:,Danehill,Clodora,Linamix,"€5,000",8,"£186,249",117,"unbeaten minor winner at 2, top-class miler at 3, inc French Guineas; dam high-class G2 winner"
Cockney Rebel,53/119,111,1329,"£806,358",34/108,54,735,"£481,717",31/103,57,594,"£324,641",7/30,18,159,"£192,462",0/2,0,2,£350,7/27,15,130,"£182,122",2/10,3,27,"£9,990",9/28,27,327,"£269,081",25/78,32,303,"£238,035",10/23,13,107,"£67,719",16/79,28,364,"£221,274",33/106,55,644,"£388,731",11/50,14,181,"£84,991",7/31,9,106,"£65,422",2/13,5,34,"£45,939",2/18,3,25,"£16,122",11/59,13,121,"£89,965",9/67,14,154,"£181,337",17/91,18,311,"£184,022",14/84,18,238,"£170,488",2/18,2,26,"£15,985",Died as a 17yo:,Val Royal,Factice,Known Fact,"£1,000",6,"£448,721",123,smart 2yo; top-class 3yo miler winning English & Irish Guineas; dual-purpose sire
Cotai Glory,25/68,34,269,"£487,875",22/65,28,222,"£440,302",6/36,6,47,"£47,574",,,,,,,,,,,,,,,,,,,,,25/68,34,268,"£487,875",25/68,34,269,"£487,875",21/57,30,210,"£441,033",4/31,4,59,"£46,842",,,,,,,,,,,,,,,,,3/19,3,24,"£25,432",4/19,5,30,"£44,046",9/52,9,92,"£242,468",11/36,11,66,"£148,145",0/1,0,1,£501,9yo:,Exceed And Excel,Continua,Elusive Quality,"€5,000",30,"£315,811",117,"tough, durable and smart sprinter from 2-5yo; Group 3 winner over 5f at 2"
Coulsty,11/25,21,185,"£169,839",8/25,14,136,"£120,413",4/15,7,49,"£49,426",,,,,,,,,,,,,,,,,,,,,7/19,10,83,"£89,626",6/15,9,73,"£83,304",4/18,7,90,"£86,157",8/20,14,87,"£82,244",0/6,0,8,"£1,439",,,,,,,,,2/8,2,11,"£17,903",3/16,4,32,"£32,791",2/7,2,16,"£12,624",4/20,5,41,"£46,390",1/12,1,23,"£11,026",0/1,0,1,"£1,020",10yo:,Kodiac,Hazium,In The Wings,"€4,000",26,"£197,736",114,"classy sprinter, inc Group 3 6f as 3yo; related to tough/prolific sorts Dhhamaan and Gap Princess"
Dandy Man,271/563,682,7235,"£8,028,723",204/539,421,4705,"£5,943,248",140/458,261,2530,"£2,085,475",2/31,5,114,"£54,405",,,,,2/29,5,106,"£53,512",0/4,0,8,£892,11/28,29,216,"£521,671",143/465,188,1995,"£2,643,082",18/46,22,193,"£369,775",197/508,468,4533,"£5,479,452",103/390,198,2488,"£2,422,461",9/71,13,159,"£105,435",3/24,3,51,"£20,974",10/3,0,4,£400,18/113,23,179,"£328,640",50/270,60,633,"£839,069",42/231,49,535,"£724,586",95/428,122,1509,"£1,988,747",93/413,145,1401,"£1,842,737",5/37,5,49,"£46,909",18yo:,Mozart,Lady Alexander,Night Shift,"€15,000",30,"£285,836",122,"useful 2yo; high-class sprinter at 3-6, inc King's Stand runner-up at 4; dam won Molecomb Stakes"
Dark Angel,545/948,1375,11704,"£24,546,895",405/909,882,7960,"£20,357,835",280/692,493,3744,"£4,189,060",24/96,65,688,"£1,222,006",3/11,6,57,"£196,097",22/91,57,610,"£1,013,417",2/13,2,21,"£12,492",57/124,117,1005,"£1,758,913",280/728,363,2913,"£4,905,171",27/62,44,334,"£391,425",268/697,562,4176,"£11,130,020",338/806,672,6122,"£11,887,480",57/247,87,909,"£1,029,145",23/103,33,346,"£343,994",17/45,21,151,"£156,256",27/226,28,350,"£720,274",100/501,125,1239,"£3,528,747",104/457,136,1228,"£3,109,297",197/716,288,2685,"£6,572,454",218/699,314,2508,"£6,759,945",11/66,12,85,"£162,328",16yo:,Acclamation,Midnight Angel,Machiavellian,"€60,000",9,"£341,306",114,"top-class 2yo, inc Mill Reef & Middle Park Stakes; retired sound at 2; leading sire of sprinters"
Decorated Knight,5/17,6,54,"£67,153",5/14,6,34,"£61,057",0/11,0,20,"£6,096",,,,,,,,,,,,,,,,,,,,,5/17,6,54,"£67,153",5/17,6,54,"£67,153",1/6,1,11,"£10,611",4/14,4,38,"£33,126",1/4,1,5,"£23,416",,,,,,,,,1/2,1,2,"£5,735",2/5,3,8,"£35,244",0/1,0,1,"£1,268",2/10,2,14,"£14,826",0/6,0,8,"£4,260",,,,,9yo:,Galileo,Pearling,Storm Cat,"€7,500",18,"£1,301,098",121,"progressed into three-time Gr1 winner at 5, inc Irish Champion Stakes; from prolific Group 1 family"
Dragon Pulse,104/222,237,2252,"£2,444,331",78/212,136,1489,"£1,703,840",56/156,101,763,"£740,491",8/38,9,211,"£105,887",0/4,0,11,"£7,861",8/32,9,184,"£95,163",0/9,0,16,"£2,863",0/1,0,5,"£1,377",48/173,66,731,"£822,566",16/39,23,162,"£265,923",51/154,91,822,"£992,849",54/181,107,1042,"£1,061,444",16/71,27,227,"£236,485",7/46,9,111,"£74,234",5/16,3,50,"£79,319",7/61,7,103,"£120,859",14/131,15,272,"£230,636",15/80,17,182,"£229,540",40/168,52,524,"£623,944",27/131,32,330,"£363,366",1/6,1,10,"£5,151",12yo:,Kyllachy,Poetical,Croco Rouge,"€2,000",7,"£128,411",116,"E120,000 yearling; high-class 2yo, won Futurity Stakes & National Stakes 2nd; won 1m Group 3 at 3"
Dubawi,596/914,1355,7306,"£33,922,415",477/843,968,5331,"£30,835,036",243/603,387,1975,"£3,087,378",36/74,105,629,"£1,393,761",6/10,16,67,"£584,020",32/62,83,503,"£774,940",6/24,6,59,"£34,801",177/348,420,3144,"£5,960,353",262/634,335,1739,"£4,564,809",,,,,96/266,166,1075,"£2,534,309",420/815,744,3933,"£16,779,287",170/440,265,1318,"£9,675,358",76/226,126,595,"£3,048,835",35/111,54,385,"£1,884,625",26/145,29,229,"£1,416,020",122/444,155,922,"£4,838,518",123/440,155,891,"£4,506,408",236/659,329,1904,"£9,990,282",244/633,360,1759,"£11,009,966",9/38,10,43,"£62,435",19yo:,Dubai Millennium,Zomaradah,Deploy,"£250,000",8,"£699,341",128,"unbeaten 2yo, inc National Stakes; won Irish Guineas & Jacques le Marois at 3; exceptional sire"
Due Diligence,37/90,88,715,"£899,978",23/76,52,403,"£605,585",22/73,36,312,"£294,393",0/1,0,3,£700,,,,,0/1,0,3,£700,,,,,,,,,21/72,35,289,"£436,482",16/43,28,179,"£342,444",19/81,55,385,"£680,325",18/55,30,287,"£197,520",3/13,3,37,"£21,832",0/4,0,4,£300,2/2,0,2,—,0/8,0,10,"£3,986",8/32,10,55,"£62,738",6/28,8,55,"£88,483",12/53,16,141,"£247,890",11/56,16,132,"£174,481",1/5,1,6,"£7,502",10yo:,War Front,Bema,Pulpit,"£6,000",9,"£202,818",116,"5f winner at 2 in US; high-class sprinter at 3 in Europe, inc runner-up in Diamond Jubilee"
Elusive Pimpernel,25/78,51,689,"£612,714",21/76,37,494,"£524,492",7/45,14,195,"£88,221",25/91,59,663,"£827,552",9/17,19,108,"£290,777",20/72,28,433,"£430,334",10/56,12,122,"£106,441",3/3,3,16,"£31,909",9/40,12,140,"£91,358",5/12,7,49,"£38,749",4/22,5,67,"£68,636",19/61,38,403,"£359,536",2/44,2,109,"£45,031",3/37,4,80,"£116,123",1/16,2,30,"£23,389",9/52,12,134,"£182,640",13/83,16,197,"£307,013",4/26,4,53,"£96,750",18/108,29,347,"£479,354",7/46,7,94,"£82,331",0/2,0,2,£466,14yo:,Elusive Quality right,Cara Fantasy right,Sadler's Wells right,"€2,500",11,"£151,356",116,"high-class over 7f-1m at 2, inc Acomb Stakes; won Craven as 3yo; family of Big Bad Bob & Snow Fairy"
Elzaam,96/216,214,2036,"£2,635,743",80/206,159,1463,"£2,162,433",38/136,55,573,"£473,310",5/25,6,107,"£62,207",0/1,0,2,£350,5/22,6,96,"£61,012",0/5,0,9,£846,,,,,50/147,69,579,"£914,875",14/32,21,152,"£241,246",47/139,81,724,"£896,012",56/177,107,1053,"£1,508,375",16/60,21,165,"£184,946",5/32,5,70,"£43,338",3/13,0,24,"£3,073",7/50,7,78,"£104,082",22/108,24,240,"£375,492",15/74,20,175,"£325,772",35/157,45,491,"£726,046",33/110,42,337,"£445,431",1/7,1,8,"£13,292",13yo:,Redoute's Choice right,Mambo In Freeport right,Kingmambo right,"€5,000",10,"£89,634",117,"Australian bred group-class 2yo, inc runner-up in the Coventry Stakes; 6f Listed winner at 3"
Equiano,192/435,522,5257,"£6,625,236",144/401,334,3196,"£5,205,313",96/351,188,2061,"£1,419,923",0/20,0,81,"£6,189",0/1,0,1,—,0/16,0,70,"£5,449",0/5,0,10,£739,10/45,17,293,"£253,885",85/321,116,1220,"£1,275,018",16/56,21,232,"£333,956",148/392,371,3564,"£5,349,459",66/275,144,1598,"£1,190,450",5/40,6,72,"£54,556",1/14,1,18,"£26,788",7/3,0,5,"£3,982",8/63,8,84,"£282,028",46/211,64,488,"£895,298",43/217,49,490,"£632,258",56/289,80,929,"£1,411,946",66/299,110,1069,"£1,721,424",8/39,9,70,"£65,005",16yo:,Acclamation,Entente Cordiale,Ela-Mana-Mou,"€3,000",27,"£571,273",123,"2yo winner in Spain; later top-class sprinter at 3-5, inc 2008 and 2010 King's Stand Stakes"
Estidhkaar,20/58,30,338,"£234,813",11/52,15,230,"£138,649",12/38,15,108,"£96,164",0/4,0,9,"£3,692",,,,,0/4,0,9,"£3,692",,,,,,,,,11/42,13,149,"£93,227",7/30,8,107,"£64,287",7/34,11,101,"£66,064",15/52,19,206,"£161,530",0/15,0,25,"£5,523",0/5,0,6,"£1,696",,,,,1/12,1,14,"£6,167",1/19,1,31,"£19,521",0/10,0,15,"£4,881",4/41,5,90,"£53,124",5/25,8,54,"£56,240",,,,,9yo:,Dark Angel,Danetime Out,Danetime,"€5,000",10,"£153,688",118,"dual Group 2 winner at 2, inc Champagne Stakes; 1m Listed winner at 4, half-brother to Toormore"
Falco,8/15,19,167,"£256,508",7/14,16,126,"£237,435",2/6,3,41,"£19,073",9/24,19,168,"£305,301",3/7,4,44,"£80,244",8/21,15,111,"£222,772",0/7,0,13,"£2,285",6/14,15,130,"£128,520",0/6,0,16,"£2,305",0/1,0,2,—,0/2,0,2,—,7/11,13,84,"£189,311",3/12,4,46,"£51,599",1/6,1,26,"£11,437",1/3,1,9,"£4,160",7/14,7,27,"£51,847",6/23,9,63,"£173,703",4/23,5,58,"£91,230",5/22,5,80,"£89,896",6/10,8,40,"£111,417",,,,,16yo:,Pivotal,Icelips,Unbridled,"£3,500",7,"£192,549",122,"top-class miler in France, inc French 2000 Guineas; dual purpose sire"
Farhh,42/87,110,659,"£3,322,935",34/74,76,450,"£2,995,521",20/61,34,209,"£327,413",2/12,6,48,"£55,708",,,,,2/8,6,42,"£54,745",0/4,0,6,£963,,,,,12/57,14,142,"£277,824",6/18,8,48,"£126,961",5/26,6,59,"£67,734",29/76,56,306,"£1,593,651",12/37,20,133,"£316,589",9/29,17,92,"£706,420",6/16,11,69,"£638,541",5/17,5,25,"£671,887",10/34,14,74,"£475,244",8/40,11,74,"£195,186",16/54,19,146,"£955,211",18/53,27,142,"£672,139",2/5,2,5,"£11,507",13yo:,Pivotal,Gonbarda,Lando,Private,10,"£1,328,152",127,7f 2yo winner; top-class won Lockinge & Champion Stakes at 5; five times Group-1 placed over 1m-1m2f
Fascinating Rock,12/38,16,201,"£197,991",9/36,11,150,"£153,786",5/23,5,51,"£44,205",0/1,0,1,"£1,078",,,,,0/1,0,1,"£1,078",,,,,,,,,4/23,5,70,"£70,056",2/14,2,39,"£28,162",2/14,2,32,"£39,855",8/36,8,130,"£105,042",4/11,5,26,"£47,253",1/8,1,13,"£5,841",,,,,0/6,0,7,"£2,135",0/19,0,25,"£27,367",3/9,4,14,"£30,276",4/21,4,49,"£60,550",1/11,1,26,"£26,616",1/3,1,3,"£4,280",10yo:,Fastnet Rock,Miss Polaris,Polar Falcon,"€5,000",15,"£1,152,569",125,"top-class and progressive middle-distance performer, inc G1 Champion Stakes & Tattersalls Gold Cup"
Footstepsinthesand,294/583,822,7541,"£10,461,776",228/552,516,4970,"£7,824,746",145/449,306,2571,"£2,637,030",21/73,46,523,"£563,926",2/7,2,42,"£22,589",20/64,42,455,"£531,988",2/15,2,26,"£9,349",57/137,110,1219,"£1,888,476",141/438,181,1625,"£2,689,318",,,,,139/382,308,2569,"£3,368,147",177/509,382,3735,"£5,389,858",50/206,77,771,"£931,746",21/95,41,358,"£407,980",12/32,14,108,"£364,044",27/137,31,245,"£494,419",54/267,65,670,"£909,137",44/233,54,608,"£699,244",122/452,170,1820,"£3,430,621",115/413,185,1578,"£2,702,314",14/47,14,63,"£73,537",19yo:,Giant's Causeway right,Glatisant right,Rainbow Quest right,"€12,500",3,"£226,451",118,"lightly raced, smart 6-7f 2yo, won 2000 Guineas on only start at 3; smart family"
Frankel,222/325,471,2328,"£16,649,069",184/313,347,1723,"£15,566,527",87/193,124,605,"£1,082,541",4/17,10,93,"£92,007",0/1,0,2,£350,4/16,10,89,"£91,123",0/2,0,2,£534,6/9,9,30,"£109,802",86/213,113,497,"£2,222,867",15/30,22,68,"£364,587",28/57,40,170,"£574,680",128/276,208,1036,"£6,606,577",89/204,127,602,"£3,752,415",41/126,49,290,"£3,561,020",24/61,47,230,"£2,154,376",10/60,12,77,"£377,855",31/153,37,257,"£2,778,022",40/149,52,243,"£2,957,493",88/244,113,586,"£4,477,313",100/217,129,553,"£5,010,747",4/7,4,11,"£34,950",13yo:,Galileo right,Kind right,Danehill right,"£200,000",14,"£2,998,302",143,Highest-ever rated racehorse by RPRs; unbeaten 10-time Group 1 winner; from fine family
Free Eagle,39/86,84,615,"£923,980",28/81,48,418,"£713,406",23/62,36,197,"£210,574",4/22,5,71,"£56,927",,,,,3/18,4,58,"£49,262",1/8,1,13,"£7,665",,,,,16/58,19,168,"£197,810",9/33,12,97,"£139,562",4/24,5,54,"£32,452",29/78,46,307,"£382,914",15/55,20,147,"£146,740",3/31,6,79,"£191,563",5/14,7,28,"£170,313",2/15,2,27,"£24,354",11/45,13,87,"£125,661",4/30,4,41,"£32,046",13/68,17,171,"£384,891",10/49,13,83,"£107,472",1/8,1,8,"£6,048",10yo:,High Chaparral right,Polished Gem right,Danehill right,"€8,000",8,"£592,523",124,"smart over 1m at 2, top-class over 10-12f winner at 3-4, inc Prince of Wales's Stakes; top family"
Galileo,920/1413,1832,11515,"£94,712,360",813/1368,1572,9599,"£92,511,191",207/678,260,1916,"£2,201,169",170/321,380,3294,"£4,937,513",33/82,64,549,"£585,167",156/306,288,2629,"£4,164,074",21/53,28,116,"£188,272",725/1251,1626,12516,"£33,284,860",308/872,414,2106,"£13,471,788",,,,,16/114,21,174,"£549,421",494/1162,733,4186,"£36,189,905",381/1031,514,3121,"£26,061,541",270/850,343,2326,"£21,664,274",135/458,221,1708,"£10,247,218",99/444,109,739,"£3,344,487",206/799,266,1844,"£12,614,007",148/557,173,1263,"£10,720,571",447/1176,634,4193,"£36,032,424",332/974,449,2753,"£30,204,806",15/70,16,87,"£411,512",Died as a 23yo:,Sadler's Wells right,Urban Sea right,Miswaki right,Private,7,"£1,621,110",132,"champion 3yo colt, inc Derby, Irish Derby & King George; from outstanding family; phenomenal sire"
Galileo Gold,16/47,22,175,"£394,499",10/43,16,134,"£363,176",6/28,6,41,"£31,323",,,,,,,,,,,,,,,,,,,,,16/47,22,175,"£394,499",16/47,22,175,"£394,499",8/29,11,89,"£286,900",9/37,11,86,"£107,599",,,,,,,,,,,,,0/2,0,2,"£7,274",1/14,2,18,"£20,321",3/14,3,18,"£28,854",3/27,4,41,"£108,703",5/22,6,44,"£70,076",0/1,0,1,—,8yo:,Paco Boy right,Galicuix right,Galileo right,"€5,000",12,"£960,886",123,Top-class miler; G2 Vintage Stakes at 2; won 2000 Guineas & St James's Palace Stakes at 3
Gleneagles,85/152,156,1056,"£2,246,328",68/143,112,713,"£1,890,474",32/107,44,343,"£355,855",2/14,5,39,"£50,038",,,,,2/13,5,36,"£49,886",0/1,0,3,£152,,,,,35/101,50,305,"£808,951",16/44,22,118,"£449,945",15/49,22,138,"£383,780",49/131,75,529,"£991,289",33/83,43,270,"£684,404",6/39,12,85,"£145,936",5/17,4,34,"£40,919",7/26,9,32,"£103,256",15/75,19,117,"£314,112",11/48,11,73,"£146,342",36/107,43,255,"£784,118",18/91,20,180,"£455,697",1/3,2,5,"£6,575",9yo:,Galileo right,You'resothrilling right,Storm Cat right,"€15,000",10,"£934,200",124,"Top-class 2yo, inc National Stakes; thrice G1 winner at 3, inc dual 2000 Guineas outstanding family"
Golden Horn,70/133,132,804,"£1,618,630",48/115,78,509,"£1,185,296",36/104,54,295,"£433,335",7/9,9,35,"£51,649",,,,,7/8,9,31,"£49,234",0/2,0,4,"£2,415",,,,,19/94,20,192,"£213,417",8/39,9,82,"£118,532",0/14,0,19,"£6,492",30/104,35,296,"£368,529",30/101,45,255,"£506,727",27/69,38,162,"£444,232",7/33,14,72,"£292,650",4/14,4,15,"£32,900",12/55,14,83,"£223,350",8/49,9,73,"£130,060",29/89,34,199,"£418,146",21/77,25,155,"£441,586",0/3,0,3,"£1,010",9yo:,Cape Cross right,Fleche D'Or right,Dubai Destination right,"£10,000",9,"£4,438,651",132,"1m 2yo winner; champion 3yo & horse of the year; won Derby, Eclipse, Irish Champion Stakes & Arc"
Gregorian,38/83,81,878,"£781,303",29/76,54,564,"£610,665",15/63,27,314,"£170,637",3/14,4,44,"£26,362",0/1,0,1,£879,2/10,3,37,"£23,577",1/4,1,6,"£1,906",,,,,20/62,26,318,"£343,677",8/34,9,154,"£163,171",17/55,29,417,"£407,154",18/67,38,356,"£264,547",4/22,10,66,"£82,243",2/15,2,29,"£17,225",3/4,2,10,"£10,134",4/21,4,31,"£33,341",5/43,7,109,"£121,732",9/44,10,101,"£115,025",14/59,19,172,"£173,957",12/54,16,155,"£171,413",0/7,0,7,"£2,078",12yo:,Clodovil right,Three Days In May right,Cadeaux Genereux right,"€5,000",25,"£434,913",118,"high-class 7-8.5f winner at 2-5, inc Group 2 Hungerford Stakes at 4; from family of Premio Loco"
Haafhd,135/252,397,3594,"£2,980,075",104/234,253,2324,"£2,341,615",71/204,144,1270,"£638,461",26/81,78,678,"£991,473",8/9,17,93,"£189,770",23/65,58,523,"£785,637",3/31,3,62,"£16,067",73/131,219,1738,"£3,521,804",55/174,75,623,"£548,836",,,,,32/132,51,540,"£523,141",98/236,213,1857,"£1,447,390",41/134,74,646,"£613,363",23/91,44,376,"£264,475",10/40,15,175,"£131,706",13/62,18,141,"£197,281",32/150,47,474,"£504,850",34/163,54,511,"£568,001",75/206,115,983,"£1,182,146",55/208,87,775,"£785,692",6/42,6,54,"£29,596",20yo:,Alhaarth right,Al Bahathri right,Blushing Groom right,"£2,000",9,"£492,288",127,High-class over 6-7f as 2yo; won Guineas & Champion Stakes; out of champion Al Bahathri
Harzand,12/27,14,160,"£155,222",11/24,13,125,"£144,266",1/16,1,35,"£10,956",,,,,,,,,,,,,,,,,,,,,2/16,2,48,"£32,421",2/13,2,35,"£28,667",0/3,0,19,"£4,843",5/20,5,53,"£61,825",4/18,4,51,"£44,437",4/13,4,29,"£37,260",1/7,1,8,"£6,857",1/6,1,6,"£12,989",0/17,0,32,"£18,774",5/13,5,19,"£19,067",3/16,3,33,"£44,183",2/14,2,23,"£19,610",,,,,8yo:,Sea The Stars right,Hazariya right,Xaar right,"€5,000",7,"£1,535,850",124,"high-class 3yo; won Derby and Irish Derby, from top Aga Khan family"
Havana Gold,99/226,198,2073,"£2,424,077",68/208,126,1251,"£1,858,560",49/180,72,822,"£565,517",1/18,1,71,"£22,133",0/1,0,6,"£6,597",1/17,1,62,"£15,536",0/2,0,3,—,,,,,54/194,76,742,"£1,021,814",18/58,25,223,"£337,175",51/167,91,757,"£1,379,867",46/181,80,1062,"£851,429",11/60,15,167,"£126,335",7/31,11,78,"£61,291",1/6,1,9,"£5,155",2/29,2,34,"£18,560",8/90,8,168,"£204,296",8/101,8,161,"£139,103",36/159,47,416,"£652,835",36/167,57,488,"£672,785",2/10,2,12,"£11,514",11yo:,Teofilo right,Jessica's Dream right,Desert Style right,"£12,500",11,"£367,267",113,"high-class & tough 2yo, inc Group 3; won Group 1 Prix Jean Prat at 3; speedy family"
Highland Reel,6/23,9,71,"£75,874",6/21,9,55,"£71,766",0/11,0,16,"£4,108",,,,,,,,,,,,,,,,,,,,,6/23,9,71,"£75,874",6/23,9,71,"£75,874",3/7,3,14,"£24,263",4/23,6,54,"£49,075",0/3,0,3,"£2,536",,,,,,,,,0/1,0,1,—,2/9,2,11,"£11,813",0/2,0,3,"£2,637",3/11,3,17,"£23,800",3/10,3,13,"£26,343",,,,,9yo:,Galileo right,Hveger right,Danehill right,"€10,000",27,"£7,513,355",124,"G2 winning 2yo; later globetrotting middle-distance superstar, inc 7 G1s; excellent family"
Holy Roman Emperor,354/642,782,7209,"£9,893,572",280/606,513,4696,"£7,944,307",142/472,269,2513,"£1,949,265",22/57,44,515,"£386,723",2/5,4,29,"£29,167",21/53,38,458,"£343,621",1/8,2,28,"£13,935",126/260,251,2345,"£3,538,973",175/502,221,2063,"£3,142,008",,,,,145/417,272,2408,"£3,393,816",220/547,387,3520,"£4,897,965",53/201,91,838,"£1,161,495",18/120,27,342,"£383,937",6/39,5,101,"£56,359",19/152,23,258,"£300,944",67/305,81,689,"£954,121",40/253,54,566,"£1,118,643",131/477,167,1656,"£2,813,835",125/435,156,1376,"£2,589,876",9/40,11,55,"£76,008",17yo:,Danehill right,L'On Vite right,Secretariat right,"€10,000",7,"£414,496",125,"top-class juvenile, inc Phoenix Stakes & Prix Jean-Luc Lagardere; retired at 2; high-class family"
Iffraaj,392/719,897,8076,"£12,176,131",291/684,532,5105,"£9,513,112",195/556,365,2971,"£2,663,019",28/82,67,664,"£661,353",3/17,6,66,"£155,396",27/77,54,554,"£465,410",6/17,7,44,"£40,547",72/164,134,1342,"£1,796,115",170/525,221,1731,"£3,102,944",,,,,130/422,261,2111,"£3,145,652",256/633,489,4433,"£7,252,380",61/273,93,979,"£1,291,479",30/121,37,395,"£266,296",15/53,17,158,"£220,323",19/144,19,209,"£246,023",54/390,69,830,"£1,714,921",78/353,100,806,"£1,483,081",128/540,184,1855,"£3,091,161",151/549,206,1683,"£3,553,122",6/43,6,53,"£54,263",20yo:,Zafonic right,Pastorale right,Nureyev right,"£17,500",13,"£375,547",125,"high-class older colt over 6-7f at 2-5, inc Group 2 Lennox Stakes & Park Stakes; top-class pedigree"
Invincible Spirit,715/1119,1743,14366,"£28,046,965",540/1062,1108,9617,"£22,993,220",333/802,635,4749,"£5,053,745",28/93,62,783,"£593,103",5/17,6,113,"£87,802",27/90,54,650,"£500,907",2/10,2,20,"£4,394",302/704,672,7083,"£7,569,297",327/815,431,2931,"£7,207,237",,,,,378/802,801,6396,"£12,996,930",385/914,773,6534,"£12,715,042",71/262,115,915,"£1,500,280",25/109,37,373,"£628,315",27/36,17,148,"£206,398",41/256,45,394,"£1,676,928",111/579,131,1400,"£3,061,894",110/497,147,1222,"£2,438,105",233/861,325,3151,"£7,236,361",278/833,404,3128,"£7,718,218",28/118,33,184,"£247,955",Sire:,Green Desert right,Rafha right,Kris right,"€80,000",17,"£247,786",120,won Haydock Sprint Cup; dam won French Oaks; closely related to sire Kodiac; top-class producer
Joshua Tree,3/4,4,34,"£24,186",2/3,2,13,"£10,159",2/4,2,21,"£14,027",2/7,3,34,"£21,661",0/1,0,3,—,2/5,3,27,"£20,304",0/2,0,4,"£1,357",,,,,0/1,0,2,£828,,,,,,,,,1/3,1,15,"£6,426",2/4,3,9,"£13,457",0/3,0,7,"£3,698",0/2,0,3,£606,1/3,1,6,"£4,754",0/2,0,4,"£1,075",0/3,0,4,"£1,989",2/7,4,19,"£22,109",0/2,0,3,£800,,,,,14yo:,Montjeu right,Madeira Mist right,Grand Lodge right,"€3,000",35,"£2,399,448",118,"won Royal Lodge at 2, later top middle-distance performer, from good family; first 3yos 2019"
Kingman,157/259,279,1606,"£5,357,051",115/240,192,1130,"£4,637,916",70/171,87,476,"£719,135",0/8,0,18,"£1,894",,,,,0/7,0,16,"£1,537",0/1,0,2,£357,,,,,73/189,85,436,"£1,020,618",18/51,22,117,"£325,733",29/88,40,272,"£528,538",118/229,194,1017,"£3,776,825",31/87,36,246,"£840,671",7/32,8,57,"£201,286",1/7,1,14,"£9,731",8/34,8,37,"£74,493",27/111,28,169,"£764,253",23/101,25,144,"£1,012,374",42/164,48,364,"£1,287,192",53/172,72,362,"£1,477,329",1/7,1,7,"£7,343",10yo:,Invincible Spirit right,Zenda right,Zamindar right,"£150,000",8,"£970,834",128,"Top-class 2yo, inc Solario Stakes; four time Group 1 winner, Champion 3yo & horse of the year"
Kodi Bear,38/83,66,563,"£1,202,875",25/79,45,395,"£1,036,977",17/59,21,168,"£165,898",1/4,1,10,"£13,060",,,,,1/4,1,10,"£13,060",,,,,,,,,25/74,39,312,"£729,398",15/44,22,171,"£310,238",28/70,47,326,"£834,922",9/54,15,195,"£223,923",2/11,2,31,"£48,178",2/6,2,9,"£95,852",1/2,0,2,—,1/14,1,17,"£84,552",9/44,9,65,"£110,636",7/26,10,48,"£185,599",12/65,15,149,"£472,322",6/49,7,80,"£163,758",1/2,1,2,"£6,116",9yo:,Kodiac right,Hawattef right,Mujtahid right,"€15,000",13,"£258,682",121,"high-class miler, runner-up in G1 Dewhurst and won G2 Celebration Mile at 3, family of Esoterique"
Kodiac,633/1111,1506,13835,"£19,871,416",499/1061,982,8918,"£15,274,419",288/825,524,4917,"£4,596,997",19/72,38,486,"£270,786",3/8,6,62,"£39,309",18/70,31,412,"£224,918",1/6,1,12,"£6,559",38/121,79,862,"£957,521",394/949,558,4193,"£7,716,473",,,,,415/931,875,7436,"£11,746,662",280/786,536,5356,"£6,776,264",42/192,66,686,"£904,861",12/82,18,258,"£364,048",25/35,11,99,"£79,581",28/205,34,308,"£564,684",99/539,109,1152,"£1,865,980",111/544,134,1259,"£2,036,601",253/862,341,3050,"£5,374,460",257/817,357,2921,"£5,450,639",18/96,18,127,"£159,923",20yo:,Danehill right,Rafha right,Kris right,"€65,000",20,"£101,459",111,useful 6-7f; dam won French Oaks; closely related to Invincible Spirit; leading source of speed
Kuroshio,8/16,16,191,"£244,300",4/15,8,103,"£191,019",5/11,8,88,"£53,282",0/1,0,8,"£1,327",,,,,0/1,0,8,"£1,327",,,,,,,,,5/14,6,64,"£107,804",5/14,6,64,"£107,804",6/14,13,134,"£174,953",2/10,2,49,"£65,142",1/2,1,5,"£3,805",0/3,0,3,£400,,,,,0/2,0,3,"£1,262",2/6,2,14,"£34,394",1/9,1,14,"£5,847",0/11,0,37,"£58,693",3/13,5,42,"£92,150",0/1,0,1,—,11yo:,Exceed And Excel right,Arctic Drift right,Gone West right,"€6,000",7,"£141,538",114,high-class sprinter at 2-3 in Australia; brother to dam of Bounding; from good speed family
Lope De Vega,267/459,631,4485,"£11,079,997",208/439,422,3123,"£9,229,216",120/331,209,1362,"£1,850,781",12/45,26,282,"£424,543",1/3,2,18,"£63,787",12/44,24,259,"£358,848",0/4,0,5,"£1,908",20/37,33,290,"£463,824",99/317,130,849,"£2,208,013",13/36,17,108,"£494,073",51/170,116,782,"£1,772,309",181/421,344,2456,"£6,682,392",78/222,104,769,"£1,550,163",40/117,54,346,"£713,864",10/49,13,132,"£361,269",19/133,22,203,"£349,270",53/245,67,514,"£1,705,769",43/213,51,458,"£1,314,963",114/339,150,1082,"£3,139,073",84/293,119,772,"£2,706,266",4/13,4,15,"£20,192",14yo:,Shamardal right,Lady Vettori right,Vettori right,"€125,000",9,"£1,055,611",121,"high-class 2yo; French 2,000 Guineas/Derby winner; well related; quality sire"
Make Believe,46/85,90,746,"£1,925,399",38/85,67,542,"£1,754,883",19/57,23,204,"£170,516",5/9,5,58,"£54,984",,,,,5/9,5,58,"£54,984",,,,,,,,,15/57,20,185,"£285,146",11/38,16,128,"£229,097",9/37,15,131,"£189,548",26/77,40,416,"£576,381",10/44,17,106,"£965,531",6/27,7,54,"£83,135",3/11,11,39,"£110,804",4/35,4,57,"£49,503",12/61,15,114,"£134,053",5/25,9,50,"£287,222",26/67,29,192,"£983,188",7/45,10,89,"£317,983",0/1,0,1,£828,9yo:,Makfi right,Rosie's Posy right,Suave Dancer right,"€15,000",7,"£462,855",121,Unbeaten 2yo; dual Group 1 winner over 7f & 1m in France at 3; high-class family
Malinas,1/4,1,14,"£8,217",1/4,1,12,"£8,217",0/2,0,2,—,72/164,177,1213,"£1,970,856",17/38,41,193,"£697,591",57/130,101,752,"£1,030,873",29/128,35,268,"£242,393",5/10,8,48,"£34,688",,,,,,,,,,,,,0/2,0,3,—,0/2,0,5,—,1/3,1,5,"£7,836",0/1,0,1,£380,14/69,16,151,"£247,524",34/114,58,315,"£633,653",25/88,31,224,"£388,804",33/126,57,430,"£552,538",2/15,2,17,"£10,384",,,,,20yo:,Lomitas right,Majoritat right,Konigsstuhl right,Private,11,"£185,254",117,"high-class 10-12f colt at 3-4, German Derby runner-up; NH sire"
Markaz,17/49,27,324,"£240,114",9/42,16,197,"£162,849",8/38,11,127,"£77,265",,,,,,,,,,,,,,,,,,,,,9/45,11,183,"£121,533",5/32,6,135,"£66,848",8/40,11,130,"£93,938",9/43,12,177,"£124,548",1/6,4,14,"£18,941",0/2,0,3,"£2,687",,,,,0/5,0,5,"£1,732",1/23,1,41,"£19,919",1/14,1,20,"£13,518",4/29,6,68,"£70,594",4/23,8,44,"£57,354",0/1,0,1,£300,9yo:,Dark Angel right,Folga right,Atraf right,"€3,000",14,"£152,288",116,"£200,000 yearling; smart sprinter, brother to brilliant filly Mecca's Angel; speedy family"
Mastercraftsman,236/493,559,5241,"£11,195,303",185/470,397,3624,"£9,611,942",94/347,162,1617,"£1,583,361",73/175,149,1358,"£1,612,890",11/30,18,140,"£221,858",67/164,124,1149,"£1,318,214",7/33,7,69,"£72,818",25/68,57,523,"£498,479",67/338,78,988,"£1,330,736",21/55,29,204,"£501,759",16/105,26,282,"£349,510",124/440,209,2263,"£4,401,806",91/324,165,1296,"£3,307,162",66/257,92,839,"£1,562,358",37/140,67,561,"£1,574,467",23/154,27,253,"£454,714",62/303,77,757,"£1,565,729",59/249,83,681,"£1,289,463",124/398,203,1686,"£4,215,524",92/352,117,1068,"£3,532,578",1/18,2,22,"£18,350",Died as a 15yo:,Danehill Dancer right,Starlight Dreams right,Black Tie Affair right,"€15,000",10,"£937,819",127,"champion 2yo; won National & Phoenix Stakes; won two Group 1's at 3, inc Irish Guineas; quality sire"
Mayson,143/286,383,3291,"£4,867,234",117/274,248,2202,"£3,822,746",69/217,135,1089,"£1,044,488",0/9,0,29,"£7,991",,,,,0/8,0,26,"£7,562",0/3,0,3,£429,2/6,7,38,"£138,725",75/227,105,913,"£1,414,656",16/44,23,178,"£363,255",102/246,253,1934,"£3,660,575",57/185,119,1186,"£1,110,388",6/43,9,131,"£70,740",2/12,2,33,"£17,472",9/6,0,7,"£8,060",12/85,13,118,"£250,432",39/187,46,431,"£510,975",40/163,51,410,"£774,709",53/217,63,628,"£1,110,048",43/190,62,545,"£1,134,945",4/12,5,13,"£28,513",13yo:,Invincible Spirit right,Mayleaf right,Pivotal right,"£6,000",17,"£416,615",121,"smart 5-6f 2yo; later top-class sprinter, inc July Cup winner & Abbaye runner-up; speed source"
Mehmas,94/172,169,1225,"£2,422,701",76/162,115,885,"£2,018,486",38/113,54,340,"£404,215",,,,,,,,,,,,,,,,,,,,,80/161,114,702,"£1,693,127",46/88,65,401,"£909,702",78/153,129,871,"£1,953,853",20/89,37,340,"£452,050",3/6,3,13,"£15,277",0/1,0,1,"£1,521",,,,,1/21,1,24,"£30,735",11/76,11,116,"£156,882",15/63,15,98,"£219,184",39/133,43,320,"£907,583",32/103,38,255,"£642,063",1/3,2,4,"£11,933",7yo:,Acclamation right,Lucina right,Machiavellian right,"€25,000",8,"£305,953",114,"High-class 2yo; won July & Richmond Stakes, runner-up in Coventry & National Stakes; retired at 2"
Mondialiste,3/24,3,92,"£49,118",3/22,3,71,"£39,476",0/14,0,21,"£9,642",,,,,,,,,,,,,,,,,,,,,3/24,3,92,"£49,118",3/24,3,92,"£49,118",2/16,2,49,"£30,368",1/19,1,42,"£16,976",0/1,0,1,"£1,775",,,,,,,,,,,,,1/14,1,16,"£6,807",0/8,0,8,"£3,883",1/14,1,23,"£11,797",1/11,1,24,"£16,990",,,,,11yo:,Galileo right,Occupandiste right,Kaldoun right,"€4,000",29,"£1,259,737",118,"Dual Gr 1 winner by Galileo, from immediate family of Intello; first foals 2019"
Muhaarar,88/173,130,1119,"£1,945,316",63/161,83,718,"£1,624,116",36/121,47,401,"£321,200",1/6,1,21,"£11,630",,,,,1/6,1,20,"£11,201",0/1,0,1,£429,,,,,42/129,47,374,"£484,547",12/40,12,111,"£120,205",35/93,39,335,"£356,421",47/148,63,576,"£757,032",14/53,19,137,"£706,512",7/21,7,54,"£69,656",2/10,2,17,"£55,695",5/25,5,30,"£71,615",10/79,11,118,"£195,741",8/60,9,95,"£587,395",26/123,26,241,"£445,651",27/101,32,209,"£334,761",1/5,1,5,"£6,702",9yo:,Oasis Dream right,Tahrir right,Linamix right,"£10,000",11,"£1,212,401",127,"exceptional sprinter at 3, also Gimcrack Stakes winner at 2, from good family; first 2yos 2019"
Mukhadram,71/135,126,1125,"£1,090,882",43/112,63,620,"£628,736",37/115,63,505,"£462,146",4/15,5,56,"£36,765",1/1,1,3,"£4,294",3/12,3,41,"£25,448",1/5,1,12,"£7,022",,,,,21/89,22,263,"£189,532",8/32,9,102,"£61,909",9/50,11,135,"£95,280",47/122,69,609,"£629,982",25/79,29,234,"£247,147",10/40,14,112,"£86,174",3/15,3,35,"£32,299",1/24,1,28,"£14,419",11/62,11,114,"£106,217",8/54,10,101,"£95,542",14/89,15,219,"£243,994",23/75,27,167,"£180,614",0/5,0,5,"£1,882",12yo:,Shamardal right,Magic Tree right,Timber Country right,"€4,500",15,"£763,431",123,"dual 1m winner at 3, top-class 10-12f performer at 3-4, from family of Mastery; first 3yos 2019"
Nathaniel,136/296,292,2444,"£7,573,051",106/278,196,1604,"£6,753,391",64/219,96,840,"£819,660",41/88,87,578,"£1,158,106",5/7,10,32,"£141,445",37/75,71,472,"£973,046",6/33,6,74,"£43,614",1/3,1,22,"£14,900",30/170,34,372,"£339,025",5/34,5,77,"£47,503",2/31,2,34,"£15,135",50/245,68,734,"£1,753,638",62/224,93,729,"£3,205,990",60/184,71,495,"£1,362,912",33/115,58,452,"£1,235,376",15/73,18,112,"£296,354",35/185,51,399,"£1,019,452",37/164,44,327,"£2,555,380",60/230,96,731,"£2,114,891",47/190,62,475,"£1,892,731",2/15,3,18,"£14,248",13yo:,Galileo right,Magnificient Style right,Silver Hawk right,"£15,000",11,"£1,464,688",127,"won King George & Eclipse, brother to Great Heavens from fine family; sire of Enable"
National Defense,0/9,0,25,"£26,174",0/8,0,19,"£25,874",0/4,0,6,£300,,,,,,,,,,,,,,,,,,,,,0/9,0,25,"£26,174",0/9,0,25,"£26,174",0/6,0,12,"£19,096",0/5,0,13,"£7,078",,,,,,,,,,,,,,,,,0/2,0,3,"£1,050",,,,,0/7,0,9,"£8,328",0/4,0,5,"£17,912",,,,,7yo:,Invincible Spirit right,Angel Falls right,Kingmambo right,"€5,000",5,"£178,741",119,"280,000euro yearling; champion 2yo colt in France, Group 3 placed over 7f at 3"
New Approach,272/505,554,4061,"£10,741,038",200/461,381,2766,"£9,312,182",111/350,173,1295,"£1,428,856",29/75,61,550,"£467,120",4/13,4,56,"£42,063",26/66,53,458,"£410,938",3/19,4,36,"£14,120",66/144,125,957,"£1,535,202",83/278,107,669,"£1,874,018",10/30,18,87,"£537,898",26/98,40,298,"£465,073",167/439,284,1946,"£4,687,449",104/324,142,1010,"£2,411,339",44/204,55,537,"£2,343,723",19/89,33,270,"£833,454",8/87,9,128,"£306,636",46/230,55,460,"£913,065",51/221,69,459,"£1,782,702",103/351,137,1070,"£3,654,803",101/336,137,876,"£2,515,684",4/18,4,26,"£25,409",16yo:,Galileo right,Park Express right,Ahonoora right,Private,11,"£1,992,068",131,"five-time Gr1 winner over 7-12f at 2-3; excellent sire incl Dawn Approach, Masar and Talent"
New Bay,37/63,74,350,"£1,364,172",30/60,59,272,"£1,252,669",10/31,15,78,"£111,503",,,,,,,,,,,,,,,,,,,,,23/56,31,170,"£581,174",11/29,17,88,"£268,257",6/27,10,71,"£170,487",25/60,40,212,"£918,893",8/18,18,46,"£240,805",5/9,6,21,"£33,988",,,,,0/7,0,8,"£3,120",5/34,5,46,"£142,285",8/20,9,25,"£149,942",21/41,28,103,"£671,406",6/31,10,61,"£241,050",0/2,0,2,£906,9yo:,Dubawi right,Cinnamon Bay right,Zamindar right,"€20,000",10,"£1,518,448",122,"high-class; won French Derby, placed in French 2,000 Guineas and Arc; related to Oasis Dream"
Night Of Thunder,79/142,151,871,"£2,643,930",64/127,107,633,"£2,304,981",26/93,44,238,"£338,948",0/2,0,4,"£2,736",,,,,0/1,0,2,"£2,422",0/1,0,2,£314,,,,,42/102,54,295,"£756,105",23/41,31,130,"£487,020",29/66,44,255,"£971,541",51/117,84,481,"£1,086,964",13/37,19,108,"£418,838",2/14,3,22,"£121,053",1/2,1,5,"£45,533",5/26,5,28,"£68,593",15/69,15,115,"£343,219",12/51,13,77,"£507,740",31/95,34,216,"£629,192",24/80,32,172,"£700,325",1/2,1,2,"£3,381",10yo:,Dubawi right,Forest Storm right,Galileo right,"€75,000",11,"£872,361",124,"6f Listed winner at 2, top miler at 3-4, won 2,000 Guineas & Lockinge; first 2yos 2019"
No Nay Never,126/230,218,1668,"£5,278,100",104/218,165,1204,"£4,752,771",39/140,53,464,"£525,329",1/11,1,32,"£23,554",0/1,0,1,£350,1/10,1,30,"£23,204",0/1,0,1,—,,,,,84/194,111,662,"£2,569,759",22/44,31,155,"£836,957",78/174,126,785,"£2,822,423",51/177,78,738,"£2,302,763",5/34,7,94,"£80,823",4/15,5,43,"£57,641",2/6,2,8,"£14,450",7/41,7,54,"£356,515",26/95,29,161,"£1,149,183",6/65,6,94,"£194,389",45/178,50,414,"£1,486,760",39/143,47,316,"£1,296,814",0/3,0,3,£756,10yo:,Scat Daddy right,Cat's Eye Witness right,Elusive Quality right,"€125,000",4,"£370,612",117,"Unbeaten 2yo, inc Norfolk & Morny; won 5f Grade 3 and runner-up in Breeders' Cup Turf Sprint at 3"
Oasis Dream,591/993,1448,11507,"£24,199,836",449/946,926,7480,"£20,388,386",283/734,522,4027,"£3,811,450",18/73,40,524,"£297,180",2/9,9,39,"£79,694",18/70,31,460,"£214,085",0/11,0,25,"£3,402",469/858,1067,9291,"£14,398,425",247/664,313,2131,"£6,479,008",,,,,267/595,615,4401,"£9,963,238",339/826,657,5411,"£11,138,458",74/306,113,1114,"£2,115,742",32/139,51,434,"£682,926",15/50,12,147,"£299,473",18/157,21,237,"£430,112",71/439,84,915,"£1,836,491",100/477,117,1088,"£2,484,925",215/741,305,2572,"£6,292,956",263/748,386,2717,"£9,170,108",23/104,24,140,"£216,651",Sire:,Green Desert right,Hope right,Dancing Brave right,"£20,000",9,"£433,737",129,"top-class 2yo/sprinter, won July Cup, gets high-class sprinters to middle-distance runners and 2yos"
Outstrip,32/106,66,807,"£501,895",21/99,27,447,"£276,098",20/86,39,360,"£225,798",0/5,0,14,"£7,024",,,,,0/4,0,13,"£7,024",0/1,0,1,—,,,,,16/87,23,339,"£210,967",10/36,14,138,"£104,248",10/65,21,291,"£172,304",20/87,30,394,"£250,717",7/27,10,75,"£44,565",1/13,2,35,"£18,398",3/4,3,12,"£15,912",0/12,0,15,"£3,458",4/47,4,65,"£35,905",1/33,1,45,"£16,464",8/74,8,173,"£117,049",12/65,14,131,"£106,631",0/6,0,9,"£5,519",10yo:,Exceed And Excel right,Asi Siempre right,El Prado right,"£4,000",10,"£508,455",119,"Breeders' Cup Juvenile Turf winner, out of 1m1f US Grade 1 winner Asi Siempre; first 2yos 2019"
Parish Hall,1/5,1,27,"£15,514",1/5,1,23,"£14,954",0/1,0,4,£560,,,,,,,,,,,,,,,,,,,,,1/3,1,20,"£14,067",0/2,0,11,"£3,139",0/1,0,1,£107,1/4,1,21,"£14,060",0/4,0,5,"£1,347",,,,,,,,,0/1,0,1,—,0/3,0,3,"£2,022",,,,,1/4,1,13,"£12,470",,,,,,,,,12yo:,Teofilo right,Halla Siamsa right,Montjeu right,Private,24,"£393,978",118,Group class; winner of the 2011 Dewhurst Stakes
Pastoral Pursuits,188/391,610,6196,"£5,914,893",161/370,417,4045,"£4,623,481",94/299,193,2151,"£1,291,412",2/34,3,135,"£30,164",0/1,0,1,—,1/29,2,117,"£25,534",1/8,1,17,"£4,631",39/82,103,1139,"£1,104,926",102/302,145,1321,"£1,443,692",,,,,130/309,423,3709,"£4,116,153",78/299,165,2123,"£1,530,835",13/95,15,260,"£235,616",4/32,7,78,"£28,056",12/14,0,26,"£4,233",14/76,16,121,"£113,044",51/210,68,594,"£632,272",43/221,61,658,"£817,554",80/294,123,1297,"£1,448,151",91/303,130,1354,"£1,481,738",16/62,19,108,"£102,056",Died as a 20yo:,Bahamian Bounty right,Star I right,Most Welcome right,"£2,000",10,"£264,496",124,"smart 6f 2yo, later top-class up to 7f, brother to G1 sprinter Goodricke; good source of 2yos"
Pearl Secret,10/38,12,211,"£109,876",8/35,9,126,"£74,521",3/27,3,85,"£35,355",0/2,0,3,£350,,,,,0/2,0,3,£350,,,,,,,,,6/33,6,115,"£62,748",3/22,3,82,"£29,897",6/29,8,119,"£77,159",4/23,4,75,"£25,999",0/5,0,11,"£2,459",0/1,0,1,£300,1/1,0,5,"£3,959",,,,,3/21,3,27,"£20,689",2/12,2,14,"£9,189",2/24,2,51,"£25,336",2/17,2,27,"£15,795",0/3,0,3,"£1,775",12yo:,Compton Place right,Our Little Secret right,Rossini right,"£3,000",26,"£242,320",117,"classy sprinter at 2-6, won Temple Stakes, from family of Dutch Art; first ylgs 2019"
Phoenix Reach,22/93,76,1007,"£842,822",18/83,44,558,"£700,076",12/81,32,449,"£142,747",20/68,46,599,"£418,802",4/10,8,122,"£116,079",19/49,35,390,"£281,383",2/43,3,87,"£21,341",1/3,2,13,"£28,136",7/61,11,207,"£248,784",,,,,4/32,27,275,"£112,610",11/87,29,398,"£383,666",10/50,11,157,"£132,376",3/40,5,115,"£102,083",5/21,4,62,"£112,087",8/39,8,82,"£88,761",8/62,15,196,"£262,108",7/64,7,187,"£147,799",21/92,40,442,"£425,085",10/68,18,209,"£168,736",0/11,0,14,"£6,042",Sire:,Alhaarth right,Carroll's Canyon right,Hatim right,"£2,000",16,"£1,975,483",120,progressed into top-class international mid-distance performer; sire of Elm Park
Pivotal,661/1014,1812,13197,"£32,568,244",531/964,1262,9409,"£28,941,901",277/688,550,3788,"£3,626,342",65/160,137,1417,"£1,252,747",13/42,20,227,"£160,720",59/143,112,1102,"£1,048,553",5/41,5,88,"£43,474",739/1278,1892,15709,"£36,520,708",178/547,236,1570,"£3,156,014",,,,,229/515,612,4583,"£10,597,714",433/900,876,6206,"£15,261,507",137/411,215,1487,"£4,391,693",50/211,76,632,"£1,648,701",27/88,33,289,"£668,628",63/284,78,553,"£1,790,677",178/605,238,1755,"£6,908,621",155/571,197,1655,"£3,909,029",272/793,403,3174,"£7,670,061",248/723,391,2936,"£7,438,221",22/145,25,194,"£662,601",Sire:,Polar Falcon right,Fearless Revival right,Cozzene right,Private,6,"£148,023",120,"high-class sprinter, excellent sire, can get fast, high-class 2yos, progeny often progress well"
Postponed,3/29,3,72,"£63,750",2/27,2,61,"£53,141",1/8,1,11,"£10,609",,,,,,,,,,,,,,,,,,,,,3/29,3,72,"£63,750",3/29,3,72,"£63,750",1/6,1,8,"£12,547",2/29,2,61,"£47,686",0/3,0,3,"£3,517",,,,,,,,,0/2,0,2,"£8,000",0/9,0,12,"£6,325",0/6,0,6,—,0/15,0,26,"£21,873",2/9,2,12,"£14,794",,,,,10yo:,Dubawi right,Ever Rigg right,Dubai Destination right,"£6,000",20,"£4,995,979",126,"2nd in valuable 7f sales race at 2, top-class over middle distances from 3 to 6; first foals 2019"
Prince Of Lir,21/53,30,298,"£319,345",15/52,23,230,"£275,578",7/30,7,68,"£43,766",0/1,0,1,—,,,,,0/1,0,1,—,,,,,,,,,14/42,18,156,"£200,913",8/27,11,94,"£141,602",17/45,23,195,"£239,174",4/28,7,87,"£74,263",0/6,0,12,"£5,384",0/3,0,3,£523,1/1,0,1,—,1/13,1,14,"£13,425",4/21,4,32,"£47,259",3/16,3,21,"£52,412",4/37,4,73,"£53,791",6/29,9,60,"£62,690",0/1,0,1,—,7yo:,Kodiac,Esuvia,Whipper,"€3,500",5,"£75,618",107,"£170,000 breeze-up purchase, won Norfolk Stakes, related to Resplendent Glory, retired at 2"
Raven's Pass,170/315,375,3001,"£5,446,073",120/292,218,1896,"£4,086,717",87/236,157,1105,"£1,359,356",14/51,31,311,"£366,135",2/6,4,44,"£61,747",13/47,24,241,"£293,160",2/11,3,26,"£11,229",55/118,115,925,"£2,838,432",75/217,91,642,"£1,048,430",12/34,17,83,"£252,494",39/131,80,629,"£1,393,620",124/282,206,1599,"£2,732,634",38/146,61,466,"£859,226",12/74,21,227,"£277,251",7/25,7,80,"£183,342",11/59,11,81,"£142,669",22/131,32,293,"£665,818",31/142,37,311,"£576,457",54/236,70,727,"£1,479,454",60/205,78,603,"£1,376,127",3/14,3,14,"£21,249",16yo:,Elusive Quality right,Ascutney right,Lord At War right,"€7,500",11,"£490,877",131,"high-class 2yo, later top-class 3yo over 1m-1m2f, won BC Classic; progeny progress"
Ribchester,9/42,14,138,"£187,348",7/37,12,103,"£163,253",2/20,2,35,"£24,095",,,,,,,,,,,,,,,,,,,,,9/42,14,138,"£187,348",9/42,14,138,"£187,348",4/28,9,76,"£141,489",5/33,5,61,"£45,859",0/1,0,1,—,,,,,,,,,,,,,3/13,3,15,"£32,672",2/9,2,11,"£11,327",3/26,4,41,"£87,846",3/21,3,31,"£23,415",,,,,8yo:,Iffraaj right,Mujarah right,Marju right,"€12,500",16,"£2,641,449",126,"Won Mill Reef at 2; progressed into multiple Group 1 winning miler, inc course record Queen Anne"
Sea The Moon,47/102,92,758,"£1,416,522",31/93,59,505,"£1,207,140",21/63,33,253,"£209,381",10/30,21,105,"£309,480",1/1,5,6,"£119,325",9/25,13,84,"£181,140",3/9,3,15,"£9,015",,,,,18/74,24,204,"£295,004",5/25,7,63,"£66,379",4/18,10,77,"£62,959",24/88,38,346,"£591,752",14/60,19,168,"£272,914",9/49,13,106,"£141,037",6/24,12,61,"£347,860",9/39,9,54,"£131,570",11/59,14,123,"£396,299",10/44,14,81,"£258,612",15/74,24,186,"£386,749",12/61,13,119,"£219,499",0/2,0,3,"£3,244",10yo:,Sea The Stars right,Sanwa right,Monsun right,"£25,000",5,"£437,439",122,"German Derby winner, also 1m winner at 2, from outstanding family; excellent start with 2yos"
Sea The Stars,301/478,614,3496,"£20,061,796",226/448,435,2526,"£18,623,563",126/297,179,970,"£1,438,233",26/82,46,504,"£549,492",2/7,4,34,"£68,437",21/67,35,423,"£447,265",6/24,7,47,"£33,790",69/119,120,746,"£1,728,992",73/237,82,496,"£921,239",8/35,10,72,"£115,336",2/26,2,40,"£35,117",143/380,202,1205,"£4,459,462",141/364,212,1152,"£5,966,373",86/240,119,673,"£5,410,636",40/109,79,426,"£4,190,207",10/89,12,131,"£259,770",41/225,51,414,"£3,215,942",50/181,63,338,"£3,990,387",124/367,172,1071,"£5,581,430",105/310,159,795,"£5,484,332",2/13,2,13,"£20,092",15yo:,Cape Cross right,Urban Sea right,Miswaki right,"€150,000",9,"£4,417,163",138,"Group 2 1m 2yo, exceptional 6-time Group 1 winner at 3, inc Guineas/Derby/Arc; outstanding family"
Shirocco,60/164,148,1533,"£2,609,890",50/147,97,1028,"£2,259,693",26/125,51,505,"£350,197",152/450,331,2933,"£3,877,179",27/74,49,321,"£864,319",120/360,222,1991,"£2,673,616",55/304,60,621,"£339,244",32/67,66,684,"£2,180,388",13/85,13,210,"£86,779",,,,,1/23,1,53,"£11,503",22/124,28,422,"£285,300",28/112,41,428,"£615,145",23/104,32,288,"£605,883",18/60,46,342,"£1,092,059",41/225,51,393,"£468,923",71/338,101,848,"£1,484,165",53/254,71,625,"£1,176,709",98/394,144,1304,"£1,917,206",24/127,27,321,"£817,840",3/15,3,15,"£17,989",20yo:,Monsun right,So Sedulous right,The Minstrel right,Private,13,"£1,388,908",128,"outstanding 11-12f performer, inc Breeders' Cup Turf and Coronation Cup; dual-purpose sire"
Sholokhov,5/19,17,201,"£106,775",4/17,10,126,"£68,576",3/12,7,75,"£38,199",71/167,180,1310,"£2,819,449",25/45,53,249,"£1,364,721",57/131,99,869,"£1,288,047",23/108,28,192,"£166,681",13/21,29,158,"£297,251",0/6,0,16,"£4,292",,,,,0/1,0,1,—,1/13,2,67,"£21,984",4/10,6,61,"£42,385",2/9,4,33,"£19,875",2/9,5,39,"£22,531",19/85,23,164,"£319,350",29/109,43,341,"£641,388",26/85,33,203,"£354,918",30/126,53,468,"£1,026,576",7/29,10,73,"£78,880",,,,,Sire:,Sadler's Wells right,La Meilleure right,Lord Gayle right,Private,12,"£406,986",121,"won 1m Gran Criterium at 2; Irish Derby and Eclipse Stakes runner-up at 3; NH sire, inc Don Cossack"
Showcasing,252/490,556,5142,"£8,032,533",178/455,355,3240,"£6,555,901",130/389,201,1902,"£1,476,632",4/25,6,88,"£49,170",0/1,0,2,£700,4/23,4,80,"£42,263",1/3,2,6,"£6,207",16/40,21,252,"£266,781",147/401,203,1569,"£3,076,868",26/48,41,214,"£476,777",164/399,353,2874,"£5,666,224",107/340,185,1888,"£2,153,411",10/78,12,275,"£166,889",4/33,4,91,"£36,183",10/8,2,14,"£9,826",4/80,5,94,"£164,776",44/241,55,489,"£1,045,881",44/225,54,478,"£1,357,152",80/341,116,1039,"£1,913,062",88/339,110,1062,"£1,866,370",6/43,7,64,"£58,396",14yo:,Oasis Dream right,Arabesque right,Zafonic right,"£45,000",7,"£129,563",115,"high-class sprint 2yo, r-up in Duke Of York S. at 3, 1/2 to Camacho; excellent source of 2yos"
Sir Percy,206/372,514,4613,"£5,576,667",150/353,312,2947,"£4,229,780",111/307,202,1666,"£1,346,887",48/110,109,859,"£1,147,752",4/11,9,64,"£263,818",41/96,88,733,"£843,035",10/27,12,62,"£40,899",29/67,54,539,"£875,386",70/264,87,884,"£849,289",10/26,16,102,"£100,021",25/128,35,395,"£330,805",105/342,169,1710,"£1,448,315",90/264,148,1130,"£1,625,263",66/207,100,841,"£1,059,958",35/118,62,537,"£1,112,325",19/94,24,148,"£266,584",47/210,61,555,"£953,021",41/232,53,642,"£651,768",92/309,137,1260,"£1,780,616",96/292,131,1029,"£1,562,574",7/38,8,50,"£67,702",18yo:,Mark Of Esteem right,Percy's Lass I right,Blakeney right,"£7,000",10,"£1,149,291",121,"won Dewhurst and Derby, 2nd in 2,000 Guineas, by Mark Of Esteem; gets 2yos, progeny progress"
Sixties Icon,111/227,271,2906,"£2,937,511",102/209,224,2000,"£2,470,768",31/175,47,906,"£466,743",29/95,65,730,"£615,192",5/10,7,78,"£55,341",24/80,50,584,"£530,509",6/30,8,68,"£29,341",10/21,21,189,"£296,273",49/156,74,682,"£577,598",8/17,14,107,"£120,865",32/116,59,616,"£548,013",53/200,98,1226,"£995,238",36/121,60,528,"£569,017",16/83,21,260,"£408,817",15/42,33,276,"£416,427",18/77,20,161,"£182,298",38/145,47,432,"£491,616",41/164,50,485,"£564,247",58/199,94,844,"£1,139,459",48/171,72,669,"£613,656",4/42,4,58,"£32,684",18yo:,Galileo right,Love Divine right,Diesis right,"£1,000",17,"£526,238",123,"high-class middle-distance 3-5yo, won St. Leger; good start with first crops, gets 2yo winners"
Starspangledbanner,96/180,204,1614,"£3,295,175",83/170,155,1174,"£2,943,627",29/117,49,440,"£351,548",3/9,4,47,"£30,385",,,,,3/9,4,44,"£29,431",0/2,0,3,£954,6/10,7,86,"£67,124",58/151,77,571,"£1,555,567",10/17,14,67,"£267,996",66/134,127,906,"£2,076,163",38/127,68,600,"£1,089,308",6/23,8,81,"£113,007",1/10,1,18,"£10,605",4/3,0,9,"£6,093",4/31,4,38,"£69,606",18/80,23,185,"£338,375",18/72,21,137,"£289,285",39/125,50,398,"£1,093,192",30/113,47,332,"£944,616",0/9,0,10,"£6,953",15yo:,Choisir right,Gold Anthem right,Made Of Gold right,"€35,000",22,"£1,197,276",125,"High-class 6f-1m Group 1 winner in Aus; won Golden Jubilee & July Cup at 3, inc 2nd in Nunthorpe"
Swiss Spirit,80/205,198,2181,"£1,627,130",52/186,93,1217,"£945,469",54/177,105,964,"£681,661",0/7,0,22,"£2,121",,,,,0/5,0,16,"£1,477",0/3,0,6,£644,,,,,37/157,49,601,"£390,193",13/38,18,153,"£129,766",50/182,121,1359,"£1,081,908",36/138,76,752,"£527,833",1/32,1,58,"£15,058",0/8,0,12,"£2,332",,,,,2/24,2,33,"£19,820",7/85,7,147,"£66,944",9/93,9,166,"£112,967",24/143,29,393,"£304,622",26/134,40,429,"£398,650",3/16,4,19,"£30,485",12yo:,Invincible Spirit right,Swiss Lake right,Indian Ridge right,"£2,500",16,"£144,883",116,"high-class sprinter, from excellent speed family; promising start with first 2yo and 3yos"
Tamayuz,129/273,312,2900,"£4,726,066",97/253,193,1835,"£3,769,570",69/215,119,1065,"£956,497",16/40,34,266,"£315,985",1/2,7,27,"£68,925",15/38,25,231,"£239,448",2/4,2,8,"£7,612",29/65,63,579,"£540,641",57/197,71,595,"£790,407",8/26,11,78,"£188,727",41/151,73,632,"£973,559",86/243,175,1576,"£2,672,321",24/101,36,383,"£495,732",10/56,15,197,"£347,853",7/24,13,112,"£236,601",6/54,6,83,"£76,596",24/116,28,271,"£434,864",35/107,41,252,"£840,619",50/199,73,723,"£1,435,922",45/176,62,576,"£1,103,496",1/15,1,26,"£10,964",16yo:,Nayef right,Al Ishq right,Nureyev right,"€7,000",7,"£482,505",125,"useful mile winner at 2; top-class miler at 3, inc two Group 1's; family of Urban Sea"
Teofilo,343/616,772,5942,"£16,544,534",283/573,550,4167,"£14,501,442",129/431,222,1775,"£2,043,092",51/120,112,990,"£1,087,877",6/22,8,98,"£89,723",43/110,89,805,"£913,308",12/33,15,87,"£84,846",114/262,236,2413,"£3,391,621",102/332,134,894,"£2,287,932",15/51,18,123,"£378,692",25/123,29,275,"£396,178",202/514,308,2429,"£5,364,913",147/453,221,1620,"£5,132,055",103/331,138,1018,"£3,103,463",40/153,76,600,"£2,547,925",21/134,22,225,"£488,456",66/337,78,718,"£1,718,879",64/245,74,529,"£1,425,668",158/486,237,1758,"£5,850,138",144/422,197,1289,"£5,983,938",3/31,3,38,"£36,734",17yo:,Galileo right,Speirbhean right,Danehill right,"€30,000",5,"£349,516",125,"Unbeaten champion 2yo, inc National & Dewhurst Stakes; retired due to injury; high-class sire"
The Gurkha,33/72,52,435,"£586,200",24/65,34,305,"£465,438",16/49,18,130,"£120,762",1/3,1,5,"£13,161",,,,,1/3,1,5,"£13,161",,,,,,,,,19/62,22,197,"£240,877",11/39,11,130,"£103,074",5/34,5,69,"£39,001",27/64,38,297,"£406,873",5/26,5,48,"£58,678",3/11,4,20,"£81,349",0/1,0,1,£300,1/12,1,14,"£24,195",3/32,3,45,"£45,797",3/16,3,25,"£56,774",14/48,17,116,"£242,786",7/37,8,62,"£100,231",0/1,0,1,£303,8yo:,Galileo,Chintz,Danehill Dancer,"€5,000",6,"£996,217",124,"unraced at 2; won French 2,000 Guineas & Sussex Stakes at 3; family of Arc winner Solemia"
The Last Lion,11/42,13,256,"£156,982",5/35,5,167,"£97,655",6/33,8,89,"£59,327",,,,,,,,,,,,,,,,,,,,,7/37,7,131,"£84,144",5/27,5,84,"£45,295",3/28,3,105,"£74,788",8/34,10,139,"£71,397",0/5,0,6,"£5,180",0/3,0,5,"£4,711",0/1,0,1,£906,0/6,0,8,"£1,075",0/14,0,23,"£6,676",1/11,1,18,"£11,195",0/26,0,57,"£28,829",2/16,2,34,"£18,962",0/1,0,1,"£1,344",7yo:,Choisir right,Mala Mala right,Brief Truce right,"£4,000",9,"£201,844",118,"tough & top-class 2yo, won Brocklesby and Middle Park, unraced at 3; speedy family"
Tough As Nails,13/26,34,407,"£362,753",13/23,30,331,"£313,208",2/17,4,76,"£49,545",0/5,0,20,"£4,826",,,,,0/4,0,18,"£4,826",0/2,0,2,—,,,,,3/19,6,89,"£84,164",,,,,7/19,13,147,"£147,878",9/23,19,214,"£187,430",1/10,1,34,"£17,670",1/5,1,11,"£9,775",0/1,0,1,—,3/12,3,36,"£33,065",2/18,2,53,"£42,872",1/2,1,6,"£5,931",6/18,9,108,"£111,422",4/13,6,42,"£72,050",,,,,12yo:,Dark Angel right,Soreze right,Gallic League right,"€1,500",10,"£55,845",110,"very precocious, tough and speedy 2yo, inc 3rd in Phoenix Stakes; from fast family"
Twilight Son,49/116,79,702,"£798,776",30/94,43,419,"£584,166",28/91,36,283,"£214,610",1/2,1,2,"£4,435",,,,,1/2,1,2,"£4,435",,,,,,,,,25/96,28,328,"£350,375",17/68,17,234,"£154,879",31/84,53,369,"£574,115",18/78,24,292,"£203,994",2/13,2,26,"£14,135",0/7,0,11,"£4,597",1/2,0,4,"£1,935",1/13,1,15,"£32,919",4/45,4,60,"£53,355",5/39,5,57,"£125,176",17/67,17,144,"£183,064",11/64,14,124,"£175,059",2/3,2,4,"£8,001",9yo:,Kyllachy right,Twilight Mistress right,Bin Ajwaad right,"£7,000",10,"£725,150",120,"6f winner at 2, won Haydock Sprint Cup/Diamond Jubileee at 3-4; first ylgs 2019"
Ulysses,13/33,15,90,"£125,088",10/31,10,71,"£99,719",3/12,5,19,"£25,369",,,,,,,,,,,,,,,,,,,,,13/33,15,90,"£125,088",13/33,15,90,"£125,088",0/5,0,7,"£4,310",13/33,15,81,"£115,408",0/2,0,2,"£5,370",,,,,,,,,0/2,0,2,—,1/6,1,9,"£13,983",2/6,2,7,"£9,814",4/19,4,32,"£53,107",2/14,2,19,"£17,491",,,,,8yo:,Galileo right,Light Shift right,Kingmambo right,"£10,000",13,"£1,916,923",127,"Extremely well-bred, Gr 3-wnr at 3, won Coral-Eclipse and Juddmonte Intl. at 4; first foals 2019"
Vadamos,23/57,33,347,"£319,735",14/51,19,220,"£214,101",11/47,14,127,"£105,634",1/8,1,13,"£7,848",,,,,1/8,1,13,"£7,848",,,,,,,,,12/49,14,152,"£115,931",8/34,10,111,"£75,974",3/26,6,79,"£58,501",17/51,22,209,"£218,300",2/18,2,43,"£27,463",1/6,1,11,"£6,908",1/3,2,5,"£8,563",0/12,0,15,"£12,145",3/31,4,43,"£37,871",3/15,3,19,"£34,987",3/37,3,78,"£50,521",7/25,8,51,"£72,878",,,,,10yo:,Monsun right,Celebre Vadala right,Peintre Celebre right,"€6,000",18,"£607,983",122,"progressive, won over 12f but developed into top-class miler; family of high-class Val Royal"
Youmzain,11/24,17,191,"£251,088",7/20,11,144,"£214,072",5/15,6,47,"£37,016",10/23,19,201,"£240,354",1/6,3,23,"£61,536",9/19,13,154,"£164,585",2/10,3,24,"£14,233",2/4,2,20,"£41,001",3/8,3,22,"£43,687",0/1,0,2,£289,0/2,0,4,—,4/18,4,58,"£59,451",4/13,7,58,"£136,797",2/12,2,42,"£19,498",4/8,4,29,"£35,341",4/16,4,32,"£44,514",6/18,10,73,"£156,945",3/22,3,53,"£90,185",7/28,9,127,"£92,528",3/12,3,35,"£57,141",0/1,0,1,"£1,040",18yo:,Sinndar right,Sadima right,Sadler's Wells right,Private,32,"£3,394,269",128,"top middle-distance horse at 3-7, three-time Arc runner-up, half-brother to Creachadoir"
Zoffany,257/500,520,5175,"£9,229,625",207/477,380,3625,"£8,027,346",93/348,140,1550,"£1,202,278",28/75,51,507,"£546,129",1/9,1,38,"£29,623",26/73,46,445,"£501,385",4/11,4,24,"£15,120",7/19,10,97,"£137,869",123/386,152,1362,"£2,734,189",27/64,38,246,"£753,765",70/248,98,1042,"£1,832,814",167/448,294,2778,"£4,854,046",54/219,71,753,"£1,222,492",29/118,34,370,"£734,416",13/53,23,232,"£585,856",22/132,23,232,"£505,392",66/283,81,644,"£1,340,199",44/199,57,486,"£1,153,355",96/380,123,1312,"£3,143,969",80/323,108,924,"£2,064,861",2/22,2,24,"£13,529",Died as a 13yo:,Dansili right,Tyranny right,Machiavellian right,"€20,000",13,"£337,075",120,"top-class 6-7f 2yo, inc Group 1 Phoenix Stakes, high-class over 1m at 3; good source of 2yo's"
